# QIGOA reality-check | script=run_exact_check.py | experiment=main | data_source=brats | commit=1461520d7785c65a06704e47ba229ddde0b2d9ff | generated=2026-07-17T09:10:26
# Provenance: numbers trace to this script + configs/*.yaml + the commit above (CLAUDE.md §5.3). Do not edit by hand.
# E1 gate: |f_DP - f_brute| <= tol AND identical induced mask after canonicalisation (prereg A5a).
patient_id,target,include_zero_bg,k,f_dp,f_brute,abs_diff,rel_diff,thr_dp,thr_brute,thr_identical,mask_hash_dp,mask_hash_brute,mask_identical,labelmap_identical,t_dp_s,t_brute_s,brute_over_dp,pass,data_source,placeholder
BraTS20_Training_001,wt_flair,true,2,9.0765340021304546,9.0765340021304546,0.000e+00,0.000e+00,127|183,127|183,1,15522f507c632015842f2f216fcd0cf0b9a59bb835669a92bd2de5e8c12a6f9d,15522f507c632015842f2f216fcd0cf0b9a59bb835669a92bd2de5e8c12a6f9d,1,1,0.160156,0.259854,1.62,1,brats,0
BraTS20_Training_001,wt_flair,true,3,12.284573958242412,12.284573958242412,0.000e+00,0.000e+00,1|85|148,1|85|148,1,e69896ea2c289a1ffb307a781293fb3259c2140932caba0344770f279cc9e934,e69896ea2c289a1ffb307a781293fb3259c2140932caba0344770f279cc9e934,1,1,0.246066,26.136845,106.22,1,brats,0
BraTS20_Training_001,wt_flair,false,2,12.284573958242373,12.284573958242373,0.000e+00,0.000e+00,85|148,85|148,1,e69896ea2c289a1ffb307a781293fb3259c2140932caba0344770f279cc9e934,e69896ea2c289a1ffb307a781293fb3259c2140932caba0344770f279cc9e934,1,1,0.162957,0.256983,1.58,1,brats,0
BraTS20_Training_001,wt_flair,false,3,15.359975526375923,15.359975526375923,0.000e+00,0.000e+00,85|139|189,85|139|189,1,aaeeed4c803a9b86e30b2f4d1cff187f57e1d1fede26bea5147d07909fbef628,aaeeed4c803a9b86e30b2f4d1cff187f57e1d1fede26bea5147d07909fbef628,1,1,0.237628,25.986825,109.36,1,brats,0
BraTS20_Training_001,et_t1ce,true,2,8.6516755302454573,8.6516755302454573,0.000e+00,0.000e+00,1|125,1|125,1,349f72fc014683ffea5216842e91728ba4705d69c7e09b8f8262fd009cb37fcc,349f72fc014683ffea5216842e91728ba4705d69c7e09b8f8262fd009cb37fcc,1,1,0.155256,0.203753,1.31,1,brats,0
BraTS20_Training_001,et_t1ce,true,3,11.948892765897588,11.948892765897588,0.000e+00,0.000e+00,1|109|175,1|109|175,1,57141081af5ff0534a584fbf0f7e332aa3894404956396e93445c3a3c4389c1d,57141081af5ff0534a584fbf0f7e332aa3894404956396e93445c3a3c4389c1d,1,1,0.235421,18.948737,80.49,1,brats,0
BraTS20_Training_001,et_t1ce,false,2,11.948892765897613,11.948892765897613,0.000e+00,0.000e+00,109|175,109|175,1,57141081af5ff0534a584fbf0f7e332aa3894404956396e93445c3a3c4389c1d,57141081af5ff0534a584fbf0f7e332aa3894404956396e93445c3a3c4389c1d,1,1,0.159207,0.208883,1.31,1,brats,0
BraTS20_Training_001,et_t1ce,false,3,14.94821915710326,14.94821915710326,0.000e+00,0.000e+00,97|140|190,97|140|190,1,e9557b176be9523e67b26aadf10a14a5f50a0d663e91678fd6c7c75dd1fcbbf2,e9557b176be9523e67b26aadf10a14a5f50a0d663e91678fd6c7c75dd1fcbbf2,1,1,0.232456,18.867146,81.16,1,brats,0
BraTS20_Training_002,wt_flair,true,2,8.7787112345007401,8.7787112345007401,0.000e+00,0.000e+00,1|93,1|93,1,1960db36b088a3abe0a025ef37cd1eb9b3ea2d11ffe2dc036c8d3a8f50512b45,1960db36b088a3abe0a025ef37cd1eb9b3ea2d11ffe2dc036c8d3a8f50512b45,1,1,0.164294,0.269648,1.64,1,brats,0
BraTS20_Training_002,wt_flair,true,3,12.286702195520295,12.286702195520295,0.000e+00,0.000e+00,1|91|163,1|91|163,1,2d2fc1de03b68bc14e25d265a7bf14686bffec1d1210efac30849750772682be,2d2fc1de03b68bc14e25d265a7bf14686bffec1d1210efac30849750772682be,1,1,0.238718,27.405415,114.80,1,brats,0
BraTS20_Training_002,wt_flair,false,2,12.286702195520064,12.286702195520064,0.000e+00,0.000e+00,91|163,91|163,1,2d2fc1de03b68bc14e25d265a7bf14686bffec1d1210efac30849750772682be,2d2fc1de03b68bc14e25d265a7bf14686bffec1d1210efac30849750772682be,1,1,0.158407,0.261020,1.65,1,brats,0
BraTS20_Training_002,wt_flair,false,3,15.264317508911592,15.264317508911592,0.000e+00,0.000e+00,59|98|165,59|98|165,1,7be4a71c102c6ba17400fbc4d1f121c2dc060fc2c0aa28c5ae07603fab262ca6,7be4a71c102c6ba17400fbc4d1f121c2dc060fc2c0aa28c5ae07603fab262ca6,1,1,0.242026,27.144129,112.15,1,brats,0
BraTS20_Training_002,et_t1ce,true,2,8.6220248753206103,8.6220248753206103,0.000e+00,0.000e+00,1|128,1|128,1,7d1f99923409d073708f5209e15d4ef766d23832212502c37434371767e41d19,7d1f99923409d073708f5209e15d4ef766d23832212502c37434371767e41d19,1,1,0.160539,0.192794,1.20,1,brats,0
BraTS20_Training_002,et_t1ce,true,3,11.935100691026927,11.935100691026927,0.000e+00,0.000e+00,1|115|180,1|115|180,1,2f8a85f63c524c732dc3a7baa2a3d15f8c72f6d8c936b71b0dd0068cadff6f85,2f8a85f63c524c732dc3a7baa2a3d15f8c72f6d8c936b71b0dd0068cadff6f85,1,1,0.239445,17.438987,72.83,1,brats,0
BraTS20_Training_002,et_t1ce,false,2,11.935100691026703,11.935100691026703,0.000e+00,0.000e+00,115|180,115|180,1,2f8a85f63c524c732dc3a7baa2a3d15f8c72f6d8c936b71b0dd0068cadff6f85,2f8a85f63c524c732dc3a7baa2a3d15f8c72f6d8c936b71b0dd0068cadff6f85,1,1,0.160280,0.192600,1.20,1,brats,0
BraTS20_Training_002,et_t1ce,false,3,14.900038140363728,14.900038140363728,0.000e+00,0.000e+00,112|155|200,112|155|200,1,95f0aa208ff43135d8748def41e4ae6526074c97d21402218d96e6771e3eec15,95f0aa208ff43135d8748def41e4ae6526074c97d21402218d96e6771e3eec15,1,1,0.234610,17.312518,73.79,1,brats,0
BraTS20_Training_003,wt_flair,true,2,9.1387090908253548,9.1387090908253548,0.000e+00,0.000e+00,1|138,1|138,1,f4491ab9e74726596fd69dc513477a50fe2b98eb00b1648138a775696a711779,f4491ab9e74726596fd69dc513477a50fe2b98eb00b1648138a775696a711779,1,1,0.158405,0.258210,1.63,1,brats,0
BraTS20_Training_003,wt_flair,true,3,12.46689400032033,12.46689400032033,0.000e+00,0.000e+00,1|86|142,1|86|142,1,9069222eeffbcc1110dc457bcb6b140999aef13e3f45c954a56d1902422106a3,9069222eeffbcc1110dc457bcb6b140999aef13e3f45c954a56d1902422106a3,1,1,0.241050,27.107966,112.46,1,brats,0
BraTS20_Training_003,wt_flair,false,2,12.466894000319941,12.466894000319941,0.000e+00,0.000e+00,86|142,86|142,1,9069222eeffbcc1110dc457bcb6b140999aef13e3f45c954a56d1902422106a3,9069222eeffbcc1110dc457bcb6b140999aef13e3f45c954a56d1902422106a3,1,1,0.158743,0.256239,1.61,1,brats,0
BraTS20_Training_003,wt_flair,false,3,15.553906168008279,15.553906168008279,0.000e+00,0.000e+00,86|142|196,86|142|196,1,f057b74bc47b4104c85aa959850810cb7c0aed14600212b34fb8f88019c0f924,f057b74bc47b4104c85aa959850810cb7c0aed14600212b34fb8f88019c0f924,1,1,0.237640,26.751112,112.57,1,brats,0
BraTS20_Training_003,et_t1ce,true,2,8.8866684602758745,8.8866684602758745,0.000e+00,0.000e+00,1|158,1|158,1,4d1f4f01acf1101428bb9f2237eb97d549dca751d5b0b6473c8d5456de2ef80d,4d1f4f01acf1101428bb9f2237eb97d549dca751d5b0b6473c8d5456de2ef80d,1,1,0.157048,0.196832,1.25,1,brats,0
BraTS20_Training_003,et_t1ce,true,3,12.116159245360882,12.116159245360882,0.000e+00,0.000e+00,1|122|174,1|122|174,1,07f75c68d1b945294150b3013d952a04ad8b269e678612acdd867e5865ddbf73,07f75c68d1b945294150b3013d952a04ad8b269e678612acdd867e5865ddbf73,1,1,0.232878,17.415312,74.78,1,brats,0
BraTS20_Training_003,et_t1ce,false,2,12.116159245360514,12.116159245360514,0.000e+00,0.000e+00,122|174,122|174,1,07f75c68d1b945294150b3013d952a04ad8b269e678612acdd867e5865ddbf73,07f75c68d1b945294150b3013d952a04ad8b269e678612acdd867e5865ddbf73,1,1,0.156425,0.194864,1.25,1,brats,0
BraTS20_Training_003,et_t1ce,false,3,15.170643405371619,15.170643405371619,0.000e+00,0.000e+00,108|158|201,108|158|201,1,69e88ecee189f5af3164543851baa3bd8b18902b1a1d41005f2e1a9c79a39130,69e88ecee189f5af3164543851baa3bd8b18902b1a1d41005f2e1a9c79a39130,1,1,0.235781,17.272722,73.26,1,brats,0
BraTS20_Training_004,wt_flair,true,2,9.1384482718584472,9.1384482718584472,0.000e+00,0.000e+00,120|177,120|177,1,8f5bf143ac0f40d3ca301c4d6d02ad0de64e988a351f7dbb965abbcdd5e2aa66,8f5bf143ac0f40d3ca301c4d6d02ad0de64e988a351f7dbb965abbcdd5e2aa66,1,1,0.161768,0.276474,1.71,1,brats,0
BraTS20_Training_004,wt_flair,true,3,12.106467938475586,12.106467938475586,0.000e+00,0.000e+00,1|55|120,1|55|120,1,b284453c7766db6d0818a1bad400a2c16493e3bfe87668c3f2d7dd3c47c05490,b284453c7766db6d0818a1bad400a2c16493e3bfe87668c3f2d7dd3c47c05490,1,1,0.237321,29.828072,125.69,1,brats,0
BraTS20_Training_004,wt_flair,false,2,12.106467938475024,12.106467938475024,0.000e+00,0.000e+00,55|120,55|120,1,b284453c7766db6d0818a1bad400a2c16493e3bfe87668c3f2d7dd3c47c05490,b284453c7766db6d0818a1bad400a2c16493e3bfe87668c3f2d7dd3c47c05490,1,1,0.159429,0.273403,1.71,1,brats,0
BraTS20_Training_004,wt_flair,false,3,15.215680841962207,15.215680841962207,0.000e+00,0.000e+00,55|123|177,55|123|177,1,8f5bf143ac0f40d3ca301c4d6d02ad0de64e988a351f7dbb965abbcdd5e2aa66,8f5bf143ac0f40d3ca301c4d6d02ad0de64e988a351f7dbb965abbcdd5e2aa66,1,1,0.237280,31.548217,132.96,1,brats,0
BraTS20_Training_004,et_t1ce,true,2,8.8115502730169766,8.8115502730169766,0.000e+00,0.000e+00,1|115,1|115,1,8cd62c561fb618ec242ba8028b40344b6a7acf4788caa8a722cc8aeb7b7ae23a,8cd62c561fb618ec242ba8028b40344b6a7acf4788caa8a722cc8aeb7b7ae23a,1,1,0.206947,0.277385,1.34,1,brats,0
BraTS20_Training_004,et_t1ce,true,3,12.25563886863524,12.25563886863524,0.000e+00,0.000e+00,1|115|178,1|115|178,1,4a46d9006113913bed0d634f57137152de203a1b4cd4254d3c2edc040dfa1fa8,4a46d9006113913bed0d634f57137152de203a1b4cd4254d3c2edc040dfa1fa8,1,1,0.310233,21.839447,70.40,1,brats,0
BraTS20_Training_004,et_t1ce,false,2,12.25563886863447,12.25563886863447,0.000e+00,0.000e+00,115|178,115|178,1,4a46d9006113913bed0d634f57137152de203a1b4cd4254d3c2edc040dfa1fa8,4a46d9006113913bed0d634f57137152de203a1b4cd4254d3c2edc040dfa1fa8,1,1,0.156299,0.219782,1.41,1,brats,0
BraTS20_Training_004,et_t1ce,false,3,15.281491777303682,15.281491777303682,0.000e+00,0.000e+00,109|154|203,109|154|203,1,619be5052ba60f11d39d742050d6397e580c8ec17e7506e4b59fb306b00140ab,619be5052ba60f11d39d742050d6397e580c8ec17e7506e4b59fb306b00140ab,1,1,0.235989,20.973697,88.88,1,brats,0
BraTS20_Training_005,wt_flair,true,2,8.9344748469247826,8.9344748469247826,0.000e+00,0.000e+00,1|91,1|91,1,34bca1d30f201f9eaf12583ef54b735ff8d0fde0361068ed7fbcbe03b0cadc27,34bca1d30f201f9eaf12583ef54b735ff8d0fde0361068ed7fbcbe03b0cadc27,1,1,0.159626,0.278284,1.74,1,brats,0
BraTS20_Training_005,wt_flair,true,3,12.313752351540067,12.313752351540067,0.000e+00,0.000e+00,1|91|165,1|91|165,1,d0e5259ea1c42c510cacbe69b43a99694e2932a9312e62325f1727fe48a570e2,d0e5259ea1c42c510cacbe69b43a99694e2932a9312e62325f1727fe48a570e2,1,1,0.236469,30.068472,127.16,1,brats,0
BraTS20_Training_005,wt_flair,false,2,12.313752351540188,12.313752351540188,0.000e+00,0.000e+00,91|165,91|165,1,d0e5259ea1c42c510cacbe69b43a99694e2932a9312e62325f1727fe48a570e2,d0e5259ea1c42c510cacbe69b43a99694e2932a9312e62325f1727fe48a570e2,1,1,0.159539,0.277720,1.74,1,brats,0
BraTS20_Training_005,wt_flair,false,3,15.340679205211277,15.340679205211277,0.000e+00,0.000e+00,61|103|165,61|103|165,1,d0e5259ea1c42c510cacbe69b43a99694e2932a9312e62325f1727fe48a570e2,d0e5259ea1c42c510cacbe69b43a99694e2932a9312e62325f1727fe48a570e2,1,1,0.235868,30.020905,127.28,1,brats,0
BraTS20_Training_005,et_t1ce,true,2,8.7522316992587097,8.7522316992587097,0.000e+00,0.000e+00,1|154,1|154,1,3bd147cf6da23ef450329a18b06a916b4aa07005d894bd47f817a69d390595a4,3bd147cf6da23ef450329a18b06a916b4aa07005d894bd47f817a69d390595a4,1,1,0.158360,0.197829,1.25,1,brats,0
BraTS20_Training_005,et_t1ce,true,3,11.9940778579581,11.9940778579581,0.000e+00,0.000e+00,1|111|173,1|111|173,1,ea0d368486722aa7aab13963e00306316f8399b87f62856cb5da563029d6c163,ea0d368486722aa7aab13963e00306316f8399b87f62856cb5da563029d6c163,1,1,0.236203,18.154313,76.86,1,brats,0
BraTS20_Training_005,et_t1ce,false,2,11.994077857957882,11.994077857957882,0.000e+00,0.000e+00,111|173,111|173,1,ea0d368486722aa7aab13963e00306316f8399b87f62856cb5da563029d6c163,ea0d368486722aa7aab13963e00306316f8399b87f62856cb5da563029d6c163,1,1,0.157454,0.197832,1.26,1,brats,0
BraTS20_Training_005,et_t1ce,false,3,14.984353795193691,14.984353795193691,0.000e+00,0.000e+00,108|154|194,108|154|194,1,2b1b838d3c4b7aef6ff19c300571e8423da0f3251268a294a15aeffb376b4569,2b1b838d3c4b7aef6ff19c300571e8423da0f3251268a294a15aeffb376b4569,1,1,0.236110,18.182309,77.01,1,brats,0
BraTS20_Training_006,wt_flair,true,2,9.0671364167783004,9.0671364167783004,0.000e+00,0.000e+00,121|174,121|174,1,4607ce1749e29665b4d5fd862b3e2257eb1c82d1583e4290e670fcb4264bdce3,4607ce1749e29665b4d5fd862b3e2257eb1c82d1583e4290e670fcb4264bdce3,1,1,0.161703,0.288344,1.78,1,brats,0
BraTS20_Training_006,wt_flair,true,3,12.379453608044457,12.379453608044457,0.000e+00,0.000e+00,1|68|132,1|68|132,1,9beba4503149194cf42877718afddfd97dad492d7cfd52c6f341d184e6b470f0,9beba4503149194cf42877718afddfd97dad492d7cfd52c6f341d184e6b470f0,1,1,0.239740,33.927121,141.52,1,brats,0
BraTS20_Training_006,wt_flair,false,2,12.379453608044489,12.379453608044489,0.000e+00,0.000e+00,68|132,68|132,1,9beba4503149194cf42877718afddfd97dad492d7cfd52c6f341d184e6b470f0,9beba4503149194cf42877718afddfd97dad492d7cfd52c6f341d184e6b470f0,1,1,0.158793,0.285825,1.80,1,brats,0
BraTS20_Training_006,wt_flair,false,3,15.451506504016164,15.451506504016164,0.000e+00,0.000e+00,68|128|178,68|128|178,1,0aa62477e888dadc562877476d6e62a97a92059410fb1ae971d969d2c4b063e1,0aa62477e888dadc562877476d6e62a97a92059410fb1ae971d969d2c4b063e1,1,1,0.239450,31.261550,130.56,1,brats,0
BraTS20_Training_006,et_t1ce,true,2,8.9439810597086336,8.9439810597086336,0.000e+00,0.000e+00,1|148,1|148,1,0616d6adc4dd0f37ab71be2c6b16e5679b4571fc03c6b090584b1b3bcba7db6f,0616d6adc4dd0f37ab71be2c6b16e5679b4571fc03c6b090584b1b3bcba7db6f,1,1,0.157942,0.207127,1.31,1,brats,0
BraTS20_Training_006,et_t1ce,true,3,12.135381588084126,12.135381588084126,0.000e+00,0.000e+00,1|134|188,1|134|188,1,5b8fe1af60e559f1029e50810e164a2ea12c9e69f905ae5d1064f550ffe1c1c4,5b8fe1af60e559f1029e50810e164a2ea12c9e69f905ae5d1064f550ffe1c1c4,1,1,0.238554,19.237020,80.64,1,brats,0
BraTS20_Training_006,et_t1ce,false,2,12.135381588084039,12.135381588084039,0.000e+00,0.000e+00,134|188,134|188,1,5b8fe1af60e559f1029e50810e164a2ea12c9e69f905ae5d1064f550ffe1c1c4,5b8fe1af60e559f1029e50810e164a2ea12c9e69f905ae5d1064f550ffe1c1c4,1,1,0.160733,0.208015,1.29,1,brats,0
BraTS20_Training_006,et_t1ce,false,3,15.133735066995701,15.133735066995701,0.000e+00,0.000e+00,100|148|195,100|148|195,1,1c07c31db95fd1e223d8dd129257b08a329018b3944fc63b976c2bd6aa69071d,1c07c31db95fd1e223d8dd129257b08a329018b3944fc63b976c2bd6aa69071d,1,1,0.240860,19.489965,80.92,1,brats,0
BraTS20_Training_007,wt_flair,true,2,8.8006038601343306,8.8006038601343306,0.000e+00,0.000e+00,1|85,1|85,1,9446477354a98c1bad29c7ca09ba9bd98c2d2f49d90e3dd0d1e0811a4e5ba576,9446477354a98c1bad29c7ca09ba9bd98c2d2f49d90e3dd0d1e0811a4e5ba576,1,1,0.162709,0.284032,1.75,1,brats,0
BraTS20_Training_007,wt_flair,true,3,12.309024297989176,12.309024297989176,0.000e+00,0.000e+00,1|80|150,1|80|150,1,b4633c53496141f3d00642c5f27c5ff10bff374c68f4730c1f241432c2d51db4,b4633c53496141f3d00642c5f27c5ff10bff374c68f4730c1f241432c2d51db4,1,1,0.241632,31.088606,128.66,1,brats,0
BraTS20_Training_007,wt_flair,false,2,12.309024297989069,12.309024297989069,0.000e+00,0.000e+00,80|150,80|150,1,b4633c53496141f3d00642c5f27c5ff10bff374c68f4730c1f241432c2d51db4,b4633c53496141f3d00642c5f27c5ff10bff374c68f4730c1f241432c2d51db4,1,1,0.160145,0.282246,1.76,1,brats,0
BraTS20_Training_007,wt_flair,false,3,15.243177684090446,15.243177684090446,0.000e+00,0.000e+00,49|91|150,49|91|150,1,b4633c53496141f3d00642c5f27c5ff10bff374c68f4730c1f241432c2d51db4,b4633c53496141f3d00642c5f27c5ff10bff374c68f4730c1f241432c2d51db4,1,1,0.237300,30.761033,129.63,1,brats,0
BraTS20_Training_007,et_t1ce,true,2,8.4864540303040705,8.4864540303040705,0.000e+00,0.000e+00,1|106,1|106,1,237ae9866a069088818064edb9216c7de1783504e5c4d8feabe5beffdd79010e,237ae9866a069088818064edb9216c7de1783504e5c4d8feabe5beffdd79010e,1,1,0.158541,0.226838,1.43,1,brats,0
BraTS20_Training_007,et_t1ce,true,3,11.817107757826694,11.817107757826694,0.000e+00,0.000e+00,1|105|170,1|105|170,1,80ed6b01337ff1f3f664dbee79f0ad447449ca46f8f53e1093334c2a875eb9c5,80ed6b01337ff1f3f664dbee79f0ad447449ca46f8f53e1093334c2a875eb9c5,1,1,0.236386,22.287014,94.28,1,brats,0
BraTS20_Training_007,et_t1ce,false,2,11.817107757826399,11.817107757826399,0.000e+00,0.000e+00,105|170,105|170,1,80ed6b01337ff1f3f664dbee79f0ad447449ca46f8f53e1093334c2a875eb9c5,80ed6b01337ff1f3f664dbee79f0ad447449ca46f8f53e1093334c2a875eb9c5,1,1,0.158135,0.227467,1.44,1,brats,0
BraTS20_Training_007,et_t1ce,false,3,14.815068083930228,14.815068083930228,0.000e+00,0.000e+00,73|116|170,73|116|170,1,80ed6b01337ff1f3f664dbee79f0ad447449ca46f8f53e1093334c2a875eb9c5,80ed6b01337ff1f3f664dbee79f0ad447449ca46f8f53e1093334c2a875eb9c5,1,1,0.233383,22.213794,95.18,1,brats,0
BraTS20_Training_008,wt_flair,true,2,9.0157055701132727,9.0157055701132727,0.000e+00,0.000e+00,1|158,1|158,1,e6ecdb8fdde5b56894872c9f3ebe1da37cb4bf99dff5e866aad48a1ec9273abc,e6ecdb8fdde5b56894872c9f3ebe1da37cb4bf99dff5e866aad48a1ec9273abc,1,1,0.166185,0.228045,1.37,1,brats,0
BraTS20_Training_008,wt_flair,true,3,12.446674847461656,12.446674847461656,0.000e+00,0.000e+00,1|106|172,1|106|172,1,73a1295ecad3d98c19aa0370d97f252ae41771c270a340b512bcb10f9131a64d,73a1295ecad3d98c19aa0370d97f252ae41771c270a340b512bcb10f9131a64d,1,1,0.235376,22.457226,95.41,1,brats,0
BraTS20_Training_008,wt_flair,false,2,12.446674847461413,12.446674847461413,0.000e+00,0.000e+00,106|172,106|172,1,73a1295ecad3d98c19aa0370d97f252ae41771c270a340b512bcb10f9131a64d,73a1295ecad3d98c19aa0370d97f252ae41771c270a340b512bcb10f9131a64d,1,1,0.160192,0.228343,1.43,1,brats,0
BraTS20_Training_008,wt_flair,false,3,15.42302432957066,15.42302432957066,0.000e+00,0.000e+00,86|133|177,86|133|177,1,046b96833940a2a82bfe883fce4a127aaff849850a48acb29a546746c7ca9eca,046b96833940a2a82bfe883fce4a127aaff849850a48acb29a546746c7ca9eca,1,1,0.235513,22.116158,93.91,1,brats,0
BraTS20_Training_008,et_t1ce,true,2,8.6142328812168465,8.6142328812168465,0.000e+00,0.000e+00,1|107,1|107,1,c45b2f775edda9894adec474c01f46f5e356bbb8f9b5d340a13705315ba268ac,c45b2f775edda9894adec474c01f46f5e356bbb8f9b5d340a13705315ba268ac,1,1,0.157111,0.211458,1.35,1,brats,0
BraTS20_Training_008,et_t1ce,true,3,11.931560370011844,11.931560370011844,0.000e+00,0.000e+00,1|106|172,1|106|172,1,03fd6c9e681bab525dfc9407568930a98df6750b726625ad62326919b2432ce0,03fd6c9e681bab525dfc9407568930a98df6750b726625ad62326919b2432ce0,1,1,0.234973,19.961559,84.95,1,brats,0
BraTS20_Training_008,et_t1ce,false,2,11.931560370011047,11.931560370011047,0.000e+00,0.000e+00,106|172,106|172,1,03fd6c9e681bab525dfc9407568930a98df6750b726625ad62326919b2432ce0,03fd6c9e681bab525dfc9407568930a98df6750b726625ad62326919b2432ce0,1,1,0.156857,0.210515,1.34,1,brats,0
BraTS20_Training_008,et_t1ce,false,3,14.795612524013707,14.795612524013707,0.000e+00,0.000e+00,99|140|184,99|140|184,1,d82b76507d91927d54ed1363c42f612d007cf60a90dd7141c7de043f7ac5e78e,d82b76507d91927d54ed1363c42f612d007cf60a90dd7141c7de043f7ac5e78e,1,1,0.233503,19.880001,85.14,1,brats,0
BraTS20_Training_009,wt_flair,true,2,9.0461982975607533,9.0461982975607533,0.000e+00,0.000e+00,104|162,104|162,1,a1b51ccfbcfed7ea71eb1efcd3b1ed9fa8ca56769a4bf2813ab2a220da96ad7c,a1b51ccfbcfed7ea71eb1efcd3b1ed9fa8ca56769a4bf2813ab2a220da96ad7c,1,1,0.164427,0.294340,1.79,1,brats,0
BraTS20_Training_009,wt_flair,true,3,12.357088893543244,12.357088893543244,0.000e+00,0.000e+00,1|51|132,1|51|132,1,390560d5b8d725707722aec290b7bc03f506faa2eecee8f1130529950ba15fdc,390560d5b8d725707722aec290b7bc03f506faa2eecee8f1130529950ba15fdc,1,1,0.277761,31.417436,113.11,1,brats,0
BraTS20_Training_009,wt_flair,false,2,12.357088893542628,12.357088893542628,0.000e+00,0.000e+00,51|132,51|132,1,390560d5b8d725707722aec290b7bc03f506faa2eecee8f1130529950ba15fdc,390560d5b8d725707722aec290b7bc03f506faa2eecee8f1130529950ba15fdc,1,1,0.162602,0.284555,1.75,1,brats,0
BraTS20_Training_009,wt_flair,false,3,15.527915218974893,15.527915218974893,0.000e+00,0.000e+00,51|113|165,51|113|165,1,f8aa75a75fc575ed73b3a2ad88c4a3bcaf6f640f0b17c0aed331bed8b35eaa1d,f8aa75a75fc575ed73b3a2ad88c4a3bcaf6f640f0b17c0aed331bed8b35eaa1d,1,1,0.236862,31.183929,131.65,1,brats,0
BraTS20_Training_009,et_t1ce,true,2,8.6205880494914275,8.6205880494914275,0.000e+00,0.000e+00,1|104,1|104,1,b15b8d32fa5a8f0ded7063f81471549cf0730f3bc24a9af0725822827619b1a8,b15b8d32fa5a8f0ded7063f81471549cf0730f3bc24a9af0725822827619b1a8,1,1,0.156081,0.206410,1.32,1,brats,0
BraTS20_Training_009,et_t1ce,true,3,12.129224332725244,12.129224332725244,0.000e+00,0.000e+00,1|101|165,1|101|165,1,8f26c50e460983e9a5dd40382a2a0aadfd115d63b5e3559f0b12ad87a1e539dc,8f26c50e460983e9a5dd40382a2a0aadfd115d63b5e3559f0b12ad87a1e539dc,1,1,0.233906,19.160882,81.92,1,brats,0
BraTS20_Training_009,et_t1ce,false,2,12.129224332723863,12.129224332723863,0.000e+00,0.000e+00,101|165,101|165,1,8f26c50e460983e9a5dd40382a2a0aadfd115d63b5e3559f0b12ad87a1e539dc,8f26c50e460983e9a5dd40382a2a0aadfd115d63b5e3559f0b12ad87a1e539dc,1,1,0.155251,0.207892,1.34,1,brats,0
BraTS20_Training_009,et_t1ce,false,3,15.151776165534795,15.151776165534795,0.000e+00,0.000e+00,101|150|197,101|150|197,1,cba58ac0e1d6c7988aac7e990bda6ed3fe304fe4accff7078241f7515834d907,cba58ac0e1d6c7988aac7e990bda6ed3fe304fe4accff7078241f7515834d907,1,1,0.235168,19.074545,81.11,1,brats,0
BraTS20_Training_010,wt_flair,true,2,9.0652560170696823,9.0652560170696823,0.000e+00,0.000e+00,1|99,1|99,1,952d202204f01ee970c161b705d69564285ecb167d2a42d8ebe381b1c01618d5,952d202204f01ee970c161b705d69564285ecb167d2a42d8ebe381b1c01618d5,1,1,0.159882,0.289424,1.81,1,brats,0
BraTS20_Training_010,wt_flair,true,3,12.479787604537901,12.479787604537901,0.000e+00,0.000e+00,1|97|167,1|97|167,1,afbbf47568ea0e4ca65ff1d7f1c41c80159e22b1a24e90a9aff2a3b9151a2bad,afbbf47568ea0e4ca65ff1d7f1c41c80159e22b1a24e90a9aff2a3b9151a2bad,1,1,0.238731,30.882986,129.36,1,brats,0
BraTS20_Training_010,wt_flair,false,2,12.479787604537401,12.479787604537401,0.000e+00,0.000e+00,97|167,97|167,1,afbbf47568ea0e4ca65ff1d7f1c41c80159e22b1a24e90a9aff2a3b9151a2bad,afbbf47568ea0e4ca65ff1d7f1c41c80159e22b1a24e90a9aff2a3b9151a2bad,1,1,0.158037,0.281476,1.78,1,brats,0
BraTS20_Training_010,wt_flair,false,3,15.521600964590121,15.521600964590121,0.000e+00,0.000e+00,53|102|170,53|102|170,1,d3d5e78ddb78ce3131cbfd55d4d37c8ad8320f722123dbe8cf30e7d11812c9fb,d3d5e78ddb78ce3131cbfd55d4d37c8ad8320f722123dbe8cf30e7d11812c9fb,1,1,0.234823,30.710840,130.78,1,brats,0
BraTS20_Training_010,et_t1ce,true,2,8.951956079459281,8.951956079459281,0.000e+00,0.000e+00,1|143,1|143,1,6e88505933ad841c77c36e73d624ce4fc46ca6642babecac57104c1b2ef3351b,6e88505933ad841c77c36e73d624ce4fc46ca6642babecac57104c1b2ef3351b,1,1,0.160541,0.227046,1.41,1,brats,0
BraTS20_Training_010,et_t1ce,true,3,12.138966753613362,12.138966753613362,0.000e+00,0.000e+00,1|135|186,1|135|186,1,510eb0788c35ba2ac75b776a3309b01db40db57cfc8d66aabfe22cdffa3b8332,510eb0788c35ba2ac75b776a3309b01db40db57cfc8d66aabfe22cdffa3b8332,1,1,0.239774,21.967615,91.62,1,brats,0
BraTS20_Training_010,et_t1ce,false,2,12.138966753612557,12.138966753612557,0.000e+00,0.000e+00,135|186,135|186,1,510eb0788c35ba2ac75b776a3309b01db40db57cfc8d66aabfe22cdffa3b8332,510eb0788c35ba2ac75b776a3309b01db40db57cfc8d66aabfe22cdffa3b8332,1,1,0.163144,0.241441,1.48,1,brats,0
BraTS20_Training_010,et_t1ce,false,3,15.143792712869613,15.143792712869613,0.000e+00,0.000e+00,93|143|191,93|143|191,1,81e4268c9d522842f2c3945d0216c4165aaad554c840cb38d22d463682d0d415,81e4268c9d522842f2c3945d0216c4165aaad554c840cb38d22d463682d0d415,1,1,0.269957,21.849701,80.94,1,brats,0
BraTS20_Training_011,wt_flair,true,2,8.8885093208557144,8.8885093208557144,0.000e+00,0.000e+00,121|164,121|164,1,a7e6190c5a719b0aa44f502ce04c7cca058e4b734b879455aa1c4c1a6bad76a4,a7e6190c5a719b0aa44f502ce04c7cca058e4b734b879455aa1c4c1a6bad76a4,1,1,0.160453,0.283089,1.76,1,brats,0
BraTS20_Training_011,wt_flair,true,3,12.435645073887654,12.435645073887654,0.000e+00,0.000e+00,1|81|155,1|81|155,1,d1d1f851331793de9377d09134ba0ad9625ea192ebeec5a6fea30fcdda2ede44,d1d1f851331793de9377d09134ba0ad9625ea192ebeec5a6fea30fcdda2ede44,1,1,0.236823,31.352568,132.39,1,brats,0
BraTS20_Training_011,wt_flair,false,2,12.435645073887686,12.435645073887686,0.000e+00,0.000e+00,81|155,81|155,1,d1d1f851331793de9377d09134ba0ad9625ea192ebeec5a6fea30fcdda2ede44,d1d1f851331793de9377d09134ba0ad9625ea192ebeec5a6fea30fcdda2ede44,1,1,0.159069,0.283331,1.78,1,brats,0
BraTS20_Training_011,wt_flair,false,3,15.314054375806775,15.314054375806775,0.000e+00,0.000e+00,81|127|167,81|127|167,1,91d1399d5fe28587efc111b809cc0a8fc191339da5776016b7dace58f9544783,91d1399d5fe28587efc111b809cc0a8fc191339da5776016b7dace58f9544783,1,1,0.237515,31.144523,131.13,1,brats,0
BraTS20_Training_011,et_t1ce,true,2,8.9665571366042407,8.9665571366042407,0.000e+00,0.000e+00,1|149,1|149,1,05c17c0f4557b65bfb59a75090de05726cc339eee0516fa7c2c6cd4be999c05c,05c17c0f4557b65bfb59a75090de05726cc339eee0516fa7c2c6cd4be999c05c,1,1,0.159600,0.229018,1.43,1,brats,0
BraTS20_Training_011,et_t1ce,true,3,12.163187525626821,12.163187525626821,0.000e+00,0.000e+00,1|89|149,1|89|149,1,05c17c0f4557b65bfb59a75090de05726cc339eee0516fa7c2c6cd4be999c05c,05c17c0f4557b65bfb59a75090de05726cc339eee0516fa7c2c6cd4be999c05c,1,1,0.237890,22.642917,95.18,1,brats,0
BraTS20_Training_011,et_t1ce,false,2,12.163187525626647,12.163187525626647,0.000e+00,0.000e+00,89|149,89|149,1,05c17c0f4557b65bfb59a75090de05726cc339eee0516fa7c2c6cd4be999c05c,05c17c0f4557b65bfb59a75090de05726cc339eee0516fa7c2c6cd4be999c05c,1,1,0.159334,0.228538,1.43,1,brats,0
BraTS20_Training_011,et_t1ce,false,3,15.23409475312183,15.23409475312183,0.000e+00,0.000e+00,87|145|191,87|145|191,1,73f7b3558edb1c4a06ad0eccd642d6adbb58ec5565ebba372429b02326f40ac1,73f7b3558edb1c4a06ad0eccd642d6adbb58ec5565ebba372429b02326f40ac1,1,1,0.237869,27.546082,115.80,1,brats,0
BraTS20_Training_012,wt_flair,true,2,8.9655959447725984,8.9655959447725984,0.000e+00,0.000e+00,118|158,118|158,1,ac2bf8e7b1c56479ae6e264e782f880fe4f55890997437773c36d63b5cd51061,ac2bf8e7b1c56479ae6e264e782f880fe4f55890997437773c36d63b5cd51061,1,1,0.159019,0.287212,1.81,1,brats,0
BraTS20_Training_012,wt_flair,true,3,12.342175488238423,12.342175488238423,0.000e+00,0.000e+00,1|65|136,1|65|136,1,a791757f30a6d467ed375e18eedc58a5c1eefb3ad1226d16f0cdb4e18c6c670e,a791757f30a6d467ed375e18eedc58a5c1eefb3ad1226d16f0cdb4e18c6c670e,1,1,0.245976,31.468355,127.93,1,brats,0
BraTS20_Training_012,wt_flair,false,2,12.342175488238523,12.342175488238523,0.000e+00,0.000e+00,65|136,65|136,1,a791757f30a6d467ed375e18eedc58a5c1eefb3ad1226d16f0cdb4e18c6c670e,a791757f30a6d467ed375e18eedc58a5c1eefb3ad1226d16f0cdb4e18c6c670e,1,1,0.159429,0.285802,1.79,1,brats,0
BraTS20_Training_012,wt_flair,false,3,15.256013296826403,15.256013296826403,0.000e+00,0.000e+00,65|118|158,65|118|158,1,ac2bf8e7b1c56479ae6e264e782f880fe4f55890997437773c36d63b5cd51061,ac2bf8e7b1c56479ae6e264e782f880fe4f55890997437773c36d63b5cd51061,1,1,0.235606,31.312958,132.90,1,brats,0
BraTS20_Training_012,et_t1ce,true,2,8.9209063509062076,8.9209063509062076,0.000e+00,0.000e+00,1|129,1|129,1,e50174554efd996a6cffdc70d1a127e4bf97810a03a6842ce4dbbaf0cfce2af5,e50174554efd996a6cffdc70d1a127e4bf97810a03a6842ce4dbbaf0cfce2af5,1,1,0.160315,0.225980,1.41,1,brats,0
BraTS20_Training_012,et_t1ce,true,3,12.138416137880284,12.138416137880284,0.000e+00,0.000e+00,1|126|185,1|126|185,1,79323c3211284f82cf1ad800f2719d88177b33807529c709f177631788b9db09,79323c3211284f82cf1ad800f2719d88177b33807529c709f177631788b9db09,1,1,0.239976,21.755099,90.66,1,brats,0
BraTS20_Training_012,et_t1ce,false,2,12.138416137880055,12.138416137880055,0.000e+00,0.000e+00,126|185,126|185,1,79323c3211284f82cf1ad800f2719d88177b33807529c709f177631788b9db09,79323c3211284f82cf1ad800f2719d88177b33807529c709f177631788b9db09,1,1,0.156573,0.222134,1.42,1,brats,0
BraTS20_Training_012,et_t1ce,false,3,15.240833175322937,15.240833175322937,0.000e+00,0.000e+00,100|149|200,100|149|200,1,27e81f7d0d80ef6cf3ecdff298e5a774b7cb4e6a3d147fcbdb4551957e3a24bd,27e81f7d0d80ef6cf3ecdff298e5a774b7cb4e6a3d147fcbdb4551957e3a24bd,1,1,0.235511,21.504564,91.31,1,brats,0
BraTS20_Training_013,wt_flair,true,2,8.7566603213894485,8.7566603213894485,0.000e+00,0.000e+00,114|156,114|156,1,819eafa6f9190ad3cdc2ba8c2cdb53c4969e12e27e012a57fdfad6c96df325df,819eafa6f9190ad3cdc2ba8c2cdb53c4969e12e27e012a57fdfad6c96df325df,1,1,0.160028,0.284159,1.78,1,brats,0
BraTS20_Training_013,wt_flair,true,3,12.344786456944458,12.344786456944458,0.000e+00,0.000e+00,1|75|145,1|75|145,1,0328e972885ca90a2c248d273008b32359bcb1dad4fb59631ebcf8add0121431,0328e972885ca90a2c248d273008b32359bcb1dad4fb59631ebcf8add0121431,1,1,0.238551,31.270395,131.08,1,brats,0
BraTS20_Training_013,wt_flair,false,2,12.34478645694449,12.34478645694449,0.000e+00,0.000e+00,75|145,75|145,1,0328e972885ca90a2c248d273008b32359bcb1dad4fb59631ebcf8add0121431,0328e972885ca90a2c248d273008b32359bcb1dad4fb59631ebcf8add0121431,1,1,0.158478,0.283607,1.79,1,brats,0
BraTS20_Training_013,wt_flair,false,3,15.188911887781789,15.188911887781789,0.000e+00,0.000e+00,75|123|162,75|123|162,1,461a15d828cc860588bf74e67d9b7f5a6a3294efc56d35813a7f8d1e9347dbf6,461a15d828cc860588bf74e67d9b7f5a6a3294efc56d35813a7f8d1e9347dbf6,1,1,0.238378,30.918686,129.70,1,brats,0
BraTS20_Training_013,et_t1ce,true,2,9.0312343290931949,9.0312343290931949,0.000e+00,0.000e+00,1|146,1|146,1,7fbfea3a71c39499a448463666bab9e3436bc07ae1f6a0b73befb938f99e1609,7fbfea3a71c39499a448463666bab9e3436bc07ae1f6a0b73befb938f99e1609,1,1,0.158057,0.208248,1.32,1,brats,0
BraTS20_Training_013,et_t1ce,true,3,12.294265095488042,12.294265095488042,0.000e+00,0.000e+00,1|128|188,1|128|188,1,7a65ee59b658a33b7b704163dbbbd5d7fa16ca6d135a361dd3d90073eb269890,7a65ee59b658a33b7b704163dbbbd5d7fa16ca6d135a361dd3d90073eb269890,1,1,0.234410,19.631078,83.75,1,brats,0
BraTS20_Training_013,et_t1ce,false,2,12.294265095488068,12.294265095488068,0.000e+00,0.000e+00,128|188,128|188,1,7a65ee59b658a33b7b704163dbbbd5d7fa16ca6d135a361dd3d90073eb269890,7a65ee59b658a33b7b704163dbbbd5d7fa16ca6d135a361dd3d90073eb269890,1,1,0.157816,0.208274,1.32,1,brats,0
BraTS20_Training_013,et_t1ce,false,3,15.379253107872344,15.379253107872344,0.000e+00,0.000e+00,102|146|198,102|146|198,1,e63ec466dd6bc317e9faf92fe5a26509e6cbf5f4d62d6eb5e524f0345e710765,e63ec466dd6bc317e9faf92fe5a26509e6cbf5f4d62d6eb5e524f0345e710765,1,1,0.234342,19.565930,83.49,1,brats,0
BraTS20_Training_014,wt_flair,true,2,8.9855962899818014,8.9855962899818014,0.000e+00,0.000e+00,123|170,123|170,1,af31058c5ab63b31475f120b0b976d4e8973f41845074ce43dca364401a3f21c,af31058c5ab63b31475f120b0b976d4e8973f41845074ce43dca364401a3f21c,1,1,0.158126,0.265506,1.68,1,brats,0
BraTS20_Training_014,wt_flair,true,3,12.311308861538237,12.311308861538237,0.000e+00,0.000e+00,1|78|156,1|78|156,1,ba30fd8f9a9a81c81046a1693e9e794980ca7d4c1e9afcc9f533f77cb9ac0964,ba30fd8f9a9a81c81046a1693e9e794980ca7d4c1e9afcc9f533f77cb9ac0964,1,1,0.237144,28.146687,118.69,1,brats,0
BraTS20_Training_014,wt_flair,false,2,12.311308861538153,12.311308861538153,0.000e+00,0.000e+00,78|156,78|156,1,ba30fd8f9a9a81c81046a1693e9e794980ca7d4c1e9afcc9f533f77cb9ac0964,ba30fd8f9a9a81c81046a1693e9e794980ca7d4c1e9afcc9f533f77cb9ac0964,1,1,0.161003,0.265252,1.65,1,brats,0
BraTS20_Training_014,wt_flair,false,3,15.359675704584179,15.359675704584179,0.000e+00,0.000e+00,67|123|170,67|123|170,1,af31058c5ab63b31475f120b0b976d4e8973f41845074ce43dca364401a3f21c,af31058c5ab63b31475f120b0b976d4e8973f41845074ce43dca364401a3f21c,1,1,0.236233,27.804296,117.70,1,brats,0
BraTS20_Training_014,et_t1ce,true,2,8.6771568542293149,8.6771568542293149,0.000e+00,0.000e+00,1|106,1|106,1,6026eae9d918d3f01f13f9c2a71cc64be16aee9756272778cef87a5bf54fcfa2,6026eae9d918d3f01f13f9c2a71cc64be16aee9756272778cef87a5bf54fcfa2,1,1,0.158738,0.215642,1.36,1,brats,0
BraTS20_Training_014,et_t1ce,true,3,11.998218221272374,11.998218221272374,0.000e+00,0.000e+00,1|106|176,1|106|176,1,a1bc552421a458b7e0dcbba22b6dacb31c15d3237ce4416586348a193b919422,a1bc552421a458b7e0dcbba22b6dacb31c15d3237ce4416586348a193b919422,1,1,0.232694,20.810695,89.43,1,brats,0
BraTS20_Training_014,et_t1ce,false,2,11.998218221272341,11.998218221272341,0.000e+00,0.000e+00,106|176,106|176,1,a1bc552421a458b7e0dcbba22b6dacb31c15d3237ce4416586348a193b919422,a1bc552421a458b7e0dcbba22b6dacb31c15d3237ce4416586348a193b919422,1,1,0.156900,0.220717,1.41,1,brats,0
BraTS20_Training_014,et_t1ce,false,3,14.910076626175647,14.910076626175647,0.000e+00,0.000e+00,97|139|182,97|139|182,1,e9cd2e02140ba54f4ccadee9379d9b18d17c2bc2eb70256fcf87eb827040533c,e9cd2e02140ba54f4ccadee9379d9b18d17c2bc2eb70256fcf87eb827040533c,1,1,0.237407,20.683422,87.12,1,brats,0
BraTS20_Training_015,wt_flair,true,2,9.3847812221484297,9.3847812221484297,0.000e+00,0.000e+00,129|185,129|185,1,6d994f8e344118ae21f015f72104993f9db68753880423c3ee4d2f0782ca3f9d,6d994f8e344118ae21f015f72104993f9db68753880423c3ee4d2f0782ca3f9d,1,1,0.161606,0.287772,1.78,1,brats,0
BraTS20_Training_015,wt_flair,true,3,12.648404584200263,12.648404584200263,0.000e+00,0.000e+00,1|72|135,1|72|135,1,ff426553f307c5cb160df147f0ccd1e4cb4118bb74852596a4ece3160f998edc,ff426553f307c5cb160df147f0ccd1e4cb4118bb74852596a4ece3160f998edc,1,1,0.238076,31.512912,132.37,1,brats,0
BraTS20_Training_015,wt_flair,false,2,12.648404584200208,12.648404584200208,0.000e+00,0.000e+00,72|135,72|135,1,ff426553f307c5cb160df147f0ccd1e4cb4118bb74852596a4ece3160f998edc,ff426553f307c5cb160df147f0ccd1e4cb4118bb74852596a4ece3160f998edc,1,1,0.160657,0.293016,1.82,1,brats,0
BraTS20_Training_015,wt_flair,false,3,15.776521084144727,15.776521084144727,0.000e+00,0.000e+00,72|135|189,72|135|189,1,d201857243bad4b20421318c83258c0f41197af82355db2b34da8c53e12b2a13,d201857243bad4b20421318c83258c0f41197af82355db2b34da8c53e12b2a13,1,1,0.241156,31.276635,129.69,1,brats,0
BraTS20_Training_015,et_t1ce,true,2,9.0073794863352799,9.0073794863352799,0.000e+00,0.000e+00,1|143,1|143,1,337f261d8edf0208ab7d48ed7395f65bdaa14087b9c8e248a13c30260b5d1017,337f261d8edf0208ab7d48ed7395f65bdaa14087b9c8e248a13c30260b5d1017,1,1,0.157645,0.229665,1.46,1,brats,0
BraTS20_Training_015,et_t1ce,true,3,12.183268719514876,12.183268719514876,0.000e+00,0.000e+00,1|140|200,1|140|200,1,278ce5575a31fe774300f7f9d50a8933d04e84a3b8b9837d6d2b67e409968ecc,278ce5575a31fe774300f7f9d50a8933d04e84a3b8b9837d6d2b67e409968ecc,1,1,0.237056,22.225802,93.76,1,brats,0
BraTS20_Training_015,et_t1ce,false,2,12.183268719514739,12.183268719514739,0.000e+00,0.000e+00,140|200,140|200,1,278ce5575a31fe774300f7f9d50a8933d04e84a3b8b9837d6d2b67e409968ecc,278ce5575a31fe774300f7f9d50a8933d04e84a3b8b9837d6d2b67e409968ecc,1,1,0.158604,0.224392,1.41,1,brats,0
BraTS20_Training_015,et_t1ce,false,3,15.260511994995401,15.260511994995401,0.000e+00,0.000e+00,95|143|200,95|143|200,1,278ce5575a31fe774300f7f9d50a8933d04e84a3b8b9837d6d2b67e409968ecc,278ce5575a31fe774300f7f9d50a8933d04e84a3b8b9837d6d2b67e409968ecc,1,1,0.235743,22.173200,94.06,1,brats,0
BraTS20_Training_016,wt_flair,true,2,8.9694238511090312,8.9694238511090312,0.000e+00,0.000e+00,131|183,131|183,1,2c376e811f482d9ca0be9a7ad32a79df5d93e0f6f5b60719719faf65db0c96be,2c376e811f482d9ca0be9a7ad32a79df5d93e0f6f5b60719719faf65db0c96be,1,1,0.158970,0.257080,1.62,1,brats,0
BraTS20_Training_016,wt_flair,true,3,12.223674133000301,12.223674133000301,0.000e+00,0.000e+00,1|78|138,1|78|138,1,ca65f453fd17abfd6d447cba2fb9adf4d5bf82725e1c58929016783f6a9eb2f6,ca65f453fd17abfd6d447cba2fb9adf4d5bf82725e1c58929016783f6a9eb2f6,1,1,0.238219,26.717080,112.15,1,brats,0
BraTS20_Training_016,wt_flair,false,2,12.223674133000362,12.223674133000362,0.000e+00,0.000e+00,78|138,78|138,1,ca65f453fd17abfd6d447cba2fb9adf4d5bf82725e1c58929016783f6a9eb2f6,ca65f453fd17abfd6d447cba2fb9adf4d5bf82725e1c58929016783f6a9eb2f6,1,1,0.158360,0.257019,1.62,1,brats,0
BraTS20_Training_016,wt_flair,false,3,15.307505110956857,15.307505110956857,0.000e+00,0.000e+00,78|135|184,78|135|184,1,bd4efffdf5e4f128dbe31e507bb51b85f14ddd829e316929d207de6c7a96e4b9,bd4efffdf5e4f128dbe31e507bb51b85f14ddd829e316929d207de6c7a96e4b9,1,1,0.238894,26.485781,110.87,1,brats,0
BraTS20_Training_016,et_t1ce,true,2,8.1954837863094845,8.1954837863094845,0.000e+00,0.000e+00,1|117,1|117,1,c17ecaee0ea5e51ac614eee9a54b41d1a8b12bd18701530d1ae2d8f410e3cdaf,c17ecaee0ea5e51ac614eee9a54b41d1a8b12bd18701530d1ae2d8f410e3cdaf,1,1,0.165445,0.200745,1.21,1,brats,0
BraTS20_Training_016,et_t1ce,true,3,11.381716423734163,11.381716423734163,0.000e+00,0.000e+00,1|112|178,1|112|178,1,280af1c698548b2cedfb5c6944ce6f1540b692bc63f2d6212ef2e7ab0485b1bd,280af1c698548b2cedfb5c6944ce6f1540b692bc63f2d6212ef2e7ab0485b1bd,1,1,0.236218,18.210188,77.09,1,brats,0
BraTS20_Training_016,et_t1ce,false,2,11.381716423733854,11.381716423733854,0.000e+00,0.000e+00,112|178,112|178,1,280af1c698548b2cedfb5c6944ce6f1540b692bc63f2d6212ef2e7ab0485b1bd,280af1c698548b2cedfb5c6944ce6f1540b692bc63f2d6212ef2e7ab0485b1bd,1,1,0.156601,0.197295,1.26,1,brats,0
BraTS20_Training_016,et_t1ce,false,3,14.356857982641646,14.356857982641646,0.000e+00,0.000e+00,91|131|178,91|131|178,1,280af1c698548b2cedfb5c6944ce6f1540b692bc63f2d6212ef2e7ab0485b1bd,280af1c698548b2cedfb5c6944ce6f1540b692bc63f2d6212ef2e7ab0485b1bd,1,1,0.232527,18.039160,77.58,1,brats,0
BraTS20_Training_017,wt_flair,true,2,9.2688259054251532,9.2688259054251532,0.000e+00,0.000e+00,137|196,137|196,1,a9161b1341056aee380321c74df8cd241ea6221a5cb1c850d8a255dfcdf66cf3,a9161b1341056aee380321c74df8cd241ea6221a5cb1c850d8a255dfcdf66cf3,1,1,0.159438,0.284199,1.78,1,brats,0
BraTS20_Training_017,wt_flair,true,3,12.395274935133221,12.395274935133221,0.000e+00,0.000e+00,1|73|136,1|73|136,1,a191344922c0aee3b4db712281192806bb1a2989318d9d8512225b77edff65f5,a191344922c0aee3b4db712281192806bb1a2989318d9d8512225b77edff65f5,1,1,0.236098,30.412604,128.81,1,brats,0
BraTS20_Training_017,wt_flair,false,2,12.395274935133179,12.395274935133179,0.000e+00,0.000e+00,73|136,73|136,1,a191344922c0aee3b4db712281192806bb1a2989318d9d8512225b77edff65f5,a191344922c0aee3b4db712281192806bb1a2989318d9d8512225b77edff65f5,1,1,0.160050,0.291921,1.82,1,brats,0
BraTS20_Training_017,wt_flair,false,3,15.535574573643775,15.535574573643775,0.000e+00,0.000e+00,73|137|196,73|137|196,1,a9161b1341056aee380321c74df8cd241ea6221a5cb1c850d8a255dfcdf66cf3,a9161b1341056aee380321c74df8cd241ea6221a5cb1c850d8a255dfcdf66cf3,1,1,0.269230,30.558760,113.50,1,brats,0
BraTS20_Training_017,et_t1ce,true,2,8.9817338612108362,8.9817338612108362,0.000e+00,0.000e+00,1|126,1|126,1,a835a3f74f7b5a49d5082b4d39f195d1c707d8f85a6528569412cd3a0fc2fce4,a835a3f74f7b5a49d5082b4d39f195d1c707d8f85a6528569412cd3a0fc2fce4,1,1,0.161336,0.236354,1.46,1,brats,0
BraTS20_Training_017,et_t1ce,true,3,12.271054803240618,12.271054803240618,0.000e+00,0.000e+00,1|123|186,1|123|186,1,e8b540d860c787af7680e54b3422c514be205eb8237015531141505ded7979e5,e8b540d860c787af7680e54b3422c514be205eb8237015531141505ded7979e5,1,1,0.236611,23.726075,100.27,1,brats,0
BraTS20_Training_017,et_t1ce,false,2,12.271054803240633,12.271054803240633,0.000e+00,0.000e+00,123|186,123|186,1,e8b540d860c787af7680e54b3422c514be205eb8237015531141505ded7979e5,e8b540d860c787af7680e54b3422c514be205eb8237015531141505ded7979e5,1,1,0.158737,0.240008,1.51,1,brats,0
BraTS20_Training_017,et_t1ce,false,3,15.259597128868522,15.259597128868522,0.000e+00,0.000e+00,110|154|199,110|154|199,1,8d8f5effa4c47c60cf174af2b51262eb37fc050008a23a6983a522488455126a,8d8f5effa4c47c60cf174af2b51262eb37fc050008a23a6983a522488455126a,1,1,0.239747,23.553599,98.24,1,brats,0
BraTS20_Training_018,wt_flair,true,2,8.9871609679163882,8.9871609679163882,0.000e+00,0.000e+00,1|83,1|83,1,07c3eccca655837b398526fd660304015b68e9d75dfe8d089ef0acb809627bda,07c3eccca655837b398526fd660304015b68e9d75dfe8d089ef0acb809627bda,1,1,0.158472,0.287849,1.82,1,brats,0
BraTS20_Training_018,wt_flair,true,3,12.608696435696825,12.608696435696825,0.000e+00,0.000e+00,1|83|157,1|83|157,1,0e40556300690a010801cc5f88eeace5c9869f78a31d01c1422bf9b4dd830d9f,0e40556300690a010801cc5f88eeace5c9869f78a31d01c1422bf9b4dd830d9f,1,1,0.242322,31.429507,129.70,1,brats,0
BraTS20_Training_018,wt_flair,false,2,12.608696435697006,12.608696435697006,0.000e+00,0.000e+00,83|157,83|157,1,0e40556300690a010801cc5f88eeace5c9869f78a31d01c1422bf9b4dd830d9f,0e40556300690a010801cc5f88eeace5c9869f78a31d01c1422bf9b4dd830d9f,1,1,0.161955,0.288584,1.78,1,brats,0
BraTS20_Training_018,wt_flair,false,3,15.516667334061786,15.516667334061786,0.000e+00,0.000e+00,46|88|157,46|88|157,1,0e40556300690a010801cc5f88eeace5c9869f78a31d01c1422bf9b4dd830d9f,0e40556300690a010801cc5f88eeace5c9869f78a31d01c1422bf9b4dd830d9f,1,1,0.240919,32.421585,134.57,1,brats,0
BraTS20_Training_018,et_t1ce,true,2,9.0726334661871633,9.0726334661871633,0.000e+00,0.000e+00,1|155,1|155,1,298bcf6918b634c9e89dad363894e49ca6116a989ca06d4baffed8e160726970,298bcf6918b634c9e89dad363894e49ca6116a989ca06d4baffed8e160726970,1,1,0.157666,0.521500,3.31,1,brats,0
BraTS20_Training_018,et_t1ce,true,3,12.378956313993775,12.378956313993775,0.000e+00,0.000e+00,1|111|166,1|111|166,1,b61388c9a9bb0f3ef39ea4f9aa01000769fea9b1a06e660a74e0e3054b94883d,b61388c9a9bb0f3ef39ea4f9aa01000769fea9b1a06e660a74e0e3054b94883d,1,1,0.305913,22.248130,72.73,1,brats,0
BraTS20_Training_018,et_t1ce,false,2,12.378956313993536,12.378956313993536,0.000e+00,0.000e+00,111|166,111|166,1,b61388c9a9bb0f3ef39ea4f9aa01000769fea9b1a06e660a74e0e3054b94883d,b61388c9a9bb0f3ef39ea4f9aa01000769fea9b1a06e660a74e0e3054b94883d,1,1,0.157991,0.227039,1.44,1,brats,0
BraTS20_Training_018,et_t1ce,false,3,15.421656465363821,15.421656465363821,0.000e+00,0.000e+00,106|159|206,106|159|206,1,d3e95b1a7ac51c61751324ccaada63fa6cf6a3f46253dd652dc2ec40dfb47dcf,d3e95b1a7ac51c61751324ccaada63fa6cf6a3f46253dd652dc2ec40dfb47dcf,1,1,0.237488,22.235489,93.63,1,brats,0
BraTS20_Training_019,wt_flair,true,2,8.5872221159185571,8.5872221159185571,0.000e+00,0.000e+00,1|69,1|69,1,94ed406e0826d396133f3c309256c71639320cee0a2135fe2685c18b009738c4,94ed406e0826d396133f3c309256c71639320cee0a2135fe2685c18b009738c4,1,1,0.159808,0.281397,1.76,1,brats,0
BraTS20_Training_019,wt_flair,true,3,12.066906805017279,12.066906805017279,0.000e+00,0.000e+00,1|66|136,1|66|136,1,f6b758fe097aca58bf330ebd45bbf450ea1f60d8c73d88a8bf894791cacecf57,f6b758fe097aca58bf330ebd45bbf450ea1f60d8c73d88a8bf894791cacecf57,1,1,0.236473,30.828510,130.37,1,brats,0
BraTS20_Training_019,wt_flair,false,2,12.066906805017084,12.066906805017084,0.000e+00,0.000e+00,66|136,66|136,1,f6b758fe097aca58bf330ebd45bbf450ea1f60d8c73d88a8bf894791cacecf57,f6b758fe097aca58bf330ebd45bbf450ea1f60d8c73d88a8bf894791cacecf57,1,1,0.158235,0.281583,1.78,1,brats,0
BraTS20_Training_019,wt_flair,false,3,14.945830905794995,14.945830905794995,0.000e+00,0.000e+00,62|107|148,62|107|148,1,3405876d08d3ba4f6824caa4edc94ba5a54d897588c3038fe2b0a9e59737c90e,3405876d08d3ba4f6824caa4edc94ba5a54d897588c3038fe2b0a9e59737c90e,1,1,0.237724,30.760035,129.39,1,brats,0
BraTS20_Training_019,et_t1ce,true,2,8.7098628719323052,8.7098628719323052,0.000e+00,0.000e+00,1|119,1|119,1,6ff247f7b8ec15af2236d91869827ca747ee33dcf1d142d860b42801975a0a9c,6ff247f7b8ec15af2236d91869827ca747ee33dcf1d142d860b42801975a0a9c,1,1,0.158735,0.231465,1.46,1,brats,0
BraTS20_Training_019,et_t1ce,true,3,11.95032348143925,11.95032348143925,0.000e+00,0.000e+00,1|111|181,1|111|181,1,21178295fb122203212cf754687148037ab609261ba85c676addb24687585e86,21178295fb122203212cf754687148037ab609261ba85c676addb24687585e86,1,1,0.236421,23.257812,98.37,1,brats,0
BraTS20_Training_019,et_t1ce,false,2,11.950323481439055,11.950323481439055,0.000e+00,0.000e+00,111|181,111|181,1,21178295fb122203212cf754687148037ab609261ba85c676addb24687585e86,21178295fb122203212cf754687148037ab609261ba85c676addb24687585e86,1,1,0.158717,0.231194,1.46,1,brats,0
BraTS20_Training_019,et_t1ce,false,3,14.963274936015383,14.963274936015383,0.000e+00,0.000e+00,82|122|181,82|122|181,1,21178295fb122203212cf754687148037ab609261ba85c676addb24687585e86,21178295fb122203212cf754687148037ab609261ba85c676addb24687585e86,1,1,0.247555,22.419379,90.56,1,brats,0
BraTS20_Training_020,wt_flair,true,2,9.236200238661235,9.236200238661235,0.000e+00,0.000e+00,141|196,141|196,1,14133edc4946861b89df4c3e03f25fd9c171cf4d248a2db5927aa22a6ac87155,14133edc4946861b89df4c3e03f25fd9c171cf4d248a2db5927aa22a6ac87155,1,1,0.158209,0.266792,1.69,1,brats,0
BraTS20_Training_020,wt_flair,true,3,12.530274027356255,12.530274027356255,0.000e+00,0.000e+00,1|74|152,1|74|152,1,9c2add746008bb0f5c209089320b930087af3c4f2252da3f7b1609ec029a2746,9c2add746008bb0f5c209089320b930087af3c4f2252da3f7b1609ec029a2746,1,1,0.238527,28.071846,117.69,1,brats,0
BraTS20_Training_020,wt_flair,false,2,12.530274027356143,12.530274027356143,0.000e+00,0.000e+00,74|152,74|152,1,9c2add746008bb0f5c209089320b930087af3c4f2252da3f7b1609ec029a2746,9c2add746008bb0f5c209089320b930087af3c4f2252da3f7b1609ec029a2746,1,1,0.158773,0.263235,1.66,1,brats,0
BraTS20_Training_020,wt_flair,false,3,15.64684580008889,15.64684580008889,0.000e+00,0.000e+00,74|141|196,74|141|196,1,14133edc4946861b89df4c3e03f25fd9c171cf4d248a2db5927aa22a6ac87155,14133edc4946861b89df4c3e03f25fd9c171cf4d248a2db5927aa22a6ac87155,1,1,0.234802,27.769870,118.27,1,brats,0
BraTS20_Training_020,et_t1ce,true,2,8.984150521657714,8.984150521657714,0.000e+00,0.000e+00,1|132,1|132,1,24be052968e5235a9fa9ed63726fa3dbd5b203ce123c3742ff4f5d16459b3129,24be052968e5235a9fa9ed63726fa3dbd5b203ce123c3742ff4f5d16459b3129,1,1,0.155121,0.213962,1.38,1,brats,0
BraTS20_Training_020,et_t1ce,true,3,12.25539744097715,12.25539744097715,0.000e+00,0.000e+00,1|129|190,1|129|190,1,2ca4cc79f7cf1d9446ee14211e841eebc51765a1c4e65c4303bf30d5993a6d99,2ca4cc79f7cf1d9446ee14211e841eebc51765a1c4e65c4303bf30d5993a6d99,1,1,0.235277,20.223989,85.96,1,brats,0
BraTS20_Training_020,et_t1ce,false,2,12.255397440977108,12.255397440977108,0.000e+00,0.000e+00,129|190,129|190,1,2ca4cc79f7cf1d9446ee14211e841eebc51765a1c4e65c4303bf30d5993a6d99,2ca4cc79f7cf1d9446ee14211e841eebc51765a1c4e65c4303bf30d5993a6d99,1,1,0.156660,0.213152,1.36,1,brats,0
BraTS20_Training_020,et_t1ce,false,3,15.369787019200068,15.369787019200068,0.000e+00,0.000e+00,93|143|194,93|143|194,1,f56ca8e02feace04524ee76e3b9a3da32835127e6cb81cf722d7b0a0747079f3,f56ca8e02feace04524ee76e3b9a3da32835127e6cb81cf722d7b0a0747079f3,1,1,0.236244,21.016494,88.96,1,brats,0
